Rank,Feature,Mean |SHAP|,Protected Attribute?
1,Credit Amt,0.1734048469348023,No
2,Duration,0.08051623929550727,No
3,Age,0.05341902270452438,✓ Yes
4,Checking Acct,0.04510953057795762,No
5,Housing,0.042073576234535094,No
6,Purpose,0.02424412391689847,No
7,Saving Acct,0.0088358952552831,No
8,Job,0.008270759853956654,No
9,Sex,0.004309264020901844,✓ Yes
